prompt,scrambled_lines,codex_output,problem
"#Fix the below scrambled Python code by reordering the lines and indenting if needed
#Lines
return sum / (end - start + 1)
return 0
value = numList[index]
for index in range(start,end+1):
sum = sum + value
if (end - start + 1) >= 1:
sum = 0
def avgValuesInRange(numList, start, end):
#End lines

#Solved Python code
","return False
return True
if nums[i] == 2 and num [i+1] == 2:
def has22(nums):
for i in range (len(numbs)-1):","def avgValuesInRange(numList, start, end):
    if (end - start + 1) >= 1:
        sum = 0
        for index in range(start,end+1):
            value = numList[index]
            sum = sum + value
        return sum / (end - start + 1)
    return 0

",Haynes-Magyar2022figure2
"#Fix the below scrambled Python code by reordering the lines and indenting if needed
#Lines
return sum / (end - start + 1)
return 0
value = numList[index]
for index in range(start,end+1):
sum = sum + value
if (end - start + 1) >= 1:
sum = 0
def avgValuesInRange(numList, start, end):
#End lines

#Solved Python code
","if nums[i] == 2 and num [i+1] == 2:
return False
return True
def has22(nums):
for i in range (len(numbs)-1):","def avgValuesInRange(numList, start, end):
    if (end - start + 1) >= 1:
        sum = 0
        for index in range(start,end+1):
            value = numList[index]
            sum = sum + value
        return sum / (end - start + 1)
    return 0

",Haynes-Magyar2022figure2
"#Fix the below scrambled Python code by reordering the lines and indenting if needed
#Lines
return sum / (end - start + 1)
return 0
value = numList[index]
for index in range(start,end+1):
sum = sum + value
if (end - start + 1) >= 1:
sum = 0
def avgValuesInRange(numList, start, end):
#End lines

#Solved Python code
","for i in range (len(numbs)-1):
if nums[i] == 2 and num [i+1] == 2:
return False
return True
def has22(nums):","def avgValuesInRange(numList, start, end):
    if (end - start + 1) >= 1:
        sum = 0
        for index in range(start,end+1):
            value = numList[index]
            sum = sum + value
        return sum / (end - start + 1)
    return 0

",Haynes-Magyar2022figure2
"#Fix the below scrambled Python code by reordering the lines and indenting if needed
#Lines
return sum / (end - start + 1)
return 0
value = numList[index]
for index in range(start,end+1):
sum = sum + value
if (end - start + 1) >= 1:
sum = 0
def avgValuesInRange(numList, start, end):
#End lines

#Solved Python code
","return True
if nums[i] == 2 and num [i+1] == 2:
return False
def has22(nums):
for i in range (len(numbs)-1):","def avgValuesInRange(numList, start, end):
    if (end - start + 1) >= 1:
        sum = 0
        for index in range(start,end+1):
            value = numList[index]
            sum = sum + value
        return sum / (end - start + 1)
    return 0

",Haynes-Magyar2022figure2
"#Fix the below scrambled Python code by reordering the lines and indenting if needed
#Lines
return sum / (end - start + 1)
return 0
value = numList[index]
for index in range(start,end+1):
sum = sum + value
if (end - start + 1) >= 1:
sum = 0
def avgValuesInRange(numList, start, end):
#End lines

#Solved Python code
","return True
return False
for i in range (len(numbs)-1):
def has22(nums):
if nums[i] == 2 and num [i+1] == 2:","def avgValuesInRange(numList, start, end):
    if (end - start + 1) >= 1:
        sum = 0
        for index in range(start,end+1):
            value = numList[index]
            sum = sum + value
        return sum / (end - start + 1)
    return 0

",Haynes-Magyar2022figure2
"#Fix the below scrambled Python code by reordering the lines and indenting if needed
#Lines
return sum / (end - start + 1)
return 0
value = numList[index]
for index in range(start,end+1):
sum = sum + value
if (end - start + 1) >= 1:
sum = 0
def avgValuesInRange(numList, start, end):
#End lines

#Solved Python code
","if nums[i] == 2 and num [i+1] == 2:
def has22(nums):
for i in range (len(numbs)-1):
return True
return False","def avgValuesInRange(numList, start, end):
    if (end - start + 1) >= 1:
        sum = 0
        for index in range(start,end+1):
            value = numList[index]
            sum = sum + value
        return sum / (end - start + 1)
    return 0

",Haynes-Magyar2022figure2
"#Fix the below scrambled Python code by reordering the lines and indenting if needed
#Lines
return sum / (end - start + 1)
return 0
value = numList[index]
for index in range(start,end+1):
sum = sum + value
if (end - start + 1) >= 1:
sum = 0
def avgValuesInRange(numList, start, end):
#End lines

#Solved Python code
","return False
for i in range (len(numbs)-1):
if nums[i] == 2 and num [i+1] == 2:
return True
def has22(nums):","def avgValuesInRange(numList, start, end):
    if (end - start + 1) >= 1:
        sum = 0
        for index in range(start,end+1):
            value = numList[index]
            sum = sum + value
        return sum / (end - start + 1)
    return 0

",Haynes-Magyar2022figure2
"#Fix the below scrambled Python code by reordering the lines and indenting if needed
#Lines
return sum / (end - start + 1)
return 0
value = numList[index]
for index in range(start,end+1):
sum = sum + value
if (end - start + 1) >= 1:
sum = 0
def avgValuesInRange(numList, start, end):
#End lines

#Solved Python code
","for i in range (len(numbs)-1):
return False
def has22(nums):
if nums[i] == 2 and num [i+1] == 2:
return True","def avgValuesInRange(numList, start, end):
    if (end - start + 1) >= 1:
        sum = 0
        for index in range(start,end+1):
            value = numList[index]
            sum = sum + value
        return sum / (end - start + 1)
    return 0

",Haynes-Magyar2022figure2
"#Fix the below scrambled Python code by reordering the lines and indenting if needed
#Lines
return sum / (end - start + 1)
return 0
value = numList[index]
for index in range(start,end+1):
sum = sum + value
if (end - start + 1) >= 1:
sum = 0
def avgValuesInRange(numList, start, end):
#End lines

#Solved Python code
","def has22(nums):
return False
return True
if nums[i] == 2 and num [i+1] == 2:
for i in range (len(numbs)-1):","def avgValuesInRange(numList, start, end):
    if (end - start + 1) >= 1:
        sum = 0
        for index in range(start,end+1):
            value = numList[index]
            sum = sum + value
        return sum / (end - start + 1)
    return 0

",Haynes-Magyar2022figure2
"#Fix the below scrambled Python code by reordering the lines and indenting if needed
#Lines
return sum / (end - start + 1)
return 0
value = numList[index]
for index in range(start,end+1):
sum = sum + value
if (end - start + 1) >= 1:
sum = 0
def avgValuesInRange(numList, start, end):
#End lines

#Solved Python code
","for i in range (len(numbs)-1):
if nums[i] == 2 and num [i+1] == 2:
def has22(nums):
return True
return False","def avgValuesInRange(numList, start, end):
    if (end - start + 1) >= 1:
        sum = 0
        for index in range(start,end+1):
            value = numList[index]
            sum = sum + value
        return sum / (end - start + 1)
    return 0

",Haynes-Magyar2022figure2
"#Fix the below scrambled Python code by reordering the lines and indenting if needed
#Lines
return sum / (end - start + 1)
return 0
value = numList[index]
for index in range(start,end+1):
sum = sum + value
if (end - start + 1) >= 1:
sum = 0
def avgValuesInRange(numList, start, end):
#End lines

#Solved Python code
","for i in range (len(numbs)-1):
def has22(nums):
return True
if nums[i] == 2 and num [i+1] == 2:
return False","def avgValuesInRange(numList, start, end):
    if (end - start + 1) >= 1:
        sum = 0
        for index in range(start,end+1):
            value = numList[index]
            sum = sum + value
        return sum / (end - start + 1)
    return 0

",Haynes-Magyar2022figure2
"#Fix the below scrambled Python code by reordering the lines and indenting if needed
#Lines
return sum / (end - start + 1)
return 0
value = numList[index]
for index in range(start,end+1):
sum = sum + value
if (end - start + 1) >= 1:
sum = 0
def avgValuesInRange(numList, start, end):
#End lines

#Solved Python code
","return False
for i in range (len(numbs)-1):
if nums[i] == 2 and num [i+1] == 2:
def has22(nums):
return True","def avgValuesInRange(numList, start, end):
    if (end - start + 1) >= 1:
        sum = 0
        for index in range(start,end+1):
            value = numList[index]
            sum = sum + value
        return sum / (end - start + 1)
    return 0

",Haynes-Magyar2022figure2
"#Fix the below scrambled Python code by reordering the lines and indenting if needed
#Lines
return sum / (end - start + 1)
return 0
value = numList[index]
for index in range(start,end+1):
sum = sum + value
if (end - start + 1) >= 1:
sum = 0
def avgValuesInRange(numList, start, end):
#End lines

#Solved Python code
","for i in range (len(numbs)-1):
return True
if nums[i] == 2 and num [i+1] == 2:
def has22(nums):
return False","def avgValuesInRange(numList, start, end):
    if (end - start + 1) >= 1:
        sum = 0
        for index in range(start,end+1):
            value = numList[index]
            sum = sum + value
        return sum / (end - start + 1)
    return 0

",Haynes-Magyar2022figure2
"#Fix the below scrambled Python code by reordering the lines and indenting if needed
#Lines
return sum / (end - start + 1)
return 0
value = numList[index]
for index in range(start,end+1):
sum = sum + value
if (end - start + 1) >= 1:
sum = 0
def avgValuesInRange(numList, start, end):
#End lines

#Solved Python code
","if nums[i] == 2 and num [i+1] == 2:
def has22(nums):
return True
return False
for i in range (len(numbs)-1):","def avgValuesInRange(numList, start, end):
    if (end - start + 1) >= 1:
        sum = 0
        for index in range(start,end+1):
            value = numList[index]
            sum = sum + value
        return sum / (end - start + 1)
    return 0

",Haynes-Magyar2022figure2
"#Fix the below scrambled Python code by reordering the lines and indenting if needed
#Lines
return sum / (end - start + 1)
return 0
value = numList[index]
for index in range(start,end+1):
sum = sum + value
if (end - start + 1) >= 1:
sum = 0
def avgValuesInRange(numList, start, end):
#End lines

#Solved Python code
","for i in range (len(numbs)-1):
return False
return True
def has22(nums):
if nums[i] == 2 and num [i+1] == 2:","def avgValuesInRange(numList, start, end):
    if (end - start + 1) >= 1:
        sum = 0
        for index in range(start,end+1):
            value = numList[index]
            sum = sum + value
        return sum / (end - start + 1)
    return 0

",Haynes-Magyar2022figure2
"#Fix the below scrambled Python code by reordering the lines and indenting if needed
#Lines
return sum / (end - start + 1)
return 0
value = numList[index]
for index in range(start,end+1):
sum = sum + value
if (end - start + 1) >= 1:
sum = 0
def avgValuesInRange(numList, start, end):
#End lines

#Solved Python code
","return False
if nums[i] == 2 and num [i+1] == 2:
def has22(nums):
for i in range (len(numbs)-1):
return True","def avgValuesInRange(numList, start, end):
    if (end - start + 1) >= 1:
        sum = 0
        for index in range(start,end+1):
            value = numList[index]
            sum = sum + value
        return sum / (end - start + 1)
    return 0

",Haynes-Magyar2022figure2
"#Fix the below scrambled Python code by reordering the lines and indenting if needed
#Lines
return sum / (end - start + 1)
return 0
value = numList[index]
for index in range(start,end+1):
sum = sum + value
if (end - start + 1) >= 1:
sum = 0
def avgValuesInRange(numList, start, end):
#End lines

#Solved Python code
","if nums[i] == 2 and num [i+1] == 2:
return False
def has22(nums):
for i in range (len(numbs)-1):
return True","def avgValuesInRange(numList, start, end):
    if (end - start + 1) >= 1:
        sum = 0
        for index in range(start,end+1):
            value = numList[index]
            sum = sum + value
        return sum / (end - start + 1)
    return 0

",Haynes-Magyar2022figure2
"#Fix the below scrambled Python code by reordering the lines and indenting if needed
#Lines
return sum / (end - start + 1)
return 0
value = numList[index]
for index in range(start,end+1):
sum = sum + value
if (end - start + 1) >= 1:
sum = 0
def avgValuesInRange(numList, start, end):
#End lines

#Solved Python code
","for i in range (len(numbs)-1):
return True
if nums[i] == 2 and num [i+1] == 2:
return False
def has22(nums):","def avgValuesInRange(numList, start, end):
    if (end - start + 1) >= 1:
        sum = 0
        for index in range(start,end+1):
            value = numList[index]
            sum = sum + value
        return sum / (end - start + 1)
    return 0

",Haynes-Magyar2022figure2
"#Fix the below scrambled Python code by reordering the lines and indenting if needed
#Lines
return sum / (end - start + 1)
return 0
value = numList[index]
for index in range(start,end+1):
sum = sum + value
if (end - start + 1) >= 1:
sum = 0
def avgValuesInRange(numList, start, end):
#End lines

#Solved Python code
","return True
def has22(nums):
for i in range (len(numbs)-1):
if nums[i] == 2 and num [i+1] == 2:
return False","def avgValuesInRange(numList, start, end):
    if (end - start + 1) >= 1:
        sum = 0
        for index in range(start,end+1):
            value = numList[index]
            sum = sum + value
        return sum / (end - start + 1)
    return 0

",Haynes-Magyar2022figure2
"#Fix the below scrambled Python code by reordering the lines and indenting if needed
#Lines
return sum / (end - start + 1)
return 0
value = numList[index]
for index in range(start,end+1):
sum = sum + value
if (end - start + 1) >= 1:
sum = 0
def avgValuesInRange(numList, start, end):
#End lines

#Solved Python code
","for i in range (len(numbs)-1):
if nums[i] == 2 and num [i+1] == 2:
def has22(nums):
return False
return True","def avgValuesInRange(numList, start, end):
    if (end - start + 1) >= 1:
        sum = 0
        for index in range(start,end+1):
            value = numList[index]
            sum = sum + value
        return sum / (end - start + 1)
    return 0

",Haynes-Magyar2022figure2
"#Fix the below scrambled Python code by reordering the lines and indenting if needed
#Lines
return sum / (end - start + 1)
return 0
value = numList[index]
for index in range(start,end+1):
sum = sum + value
if (end - start + 1) >= 1:
sum = 0
def avgValuesInRange(numList, start, end):
#End lines

#Solved Python code
","for index in range (len(li)-1,-1,-1):
return 'All odd'
if(li(index)) % 2 == 0:
return lambda x : x + li(index)
def last_even_adder(li):","def avgValuesInRange(numList, start, end):
    if (end - start + 1) >= 1:
        sum = 0
        for index in range(start,end+1):
            value = numList[index]
            sum = sum + value
        return sum / (end - start + 1)
    return 0

",Weinmann2021figure1
"#Fix the below scrambled Python code by reordering the lines and indenting if needed
#Lines
return sum / (end - start + 1)
return 0
value = numList[index]
for index in range(start,end+1):
sum = sum + value
if (end - start + 1) >= 1:
sum = 0
def avgValuesInRange(numList, start, end):
#End lines

#Solved Python code
","return 'All odd'
return lambda x : x + li(index)
for index in range (len(li)-1,-1,-1):
if(li(index)) % 2 == 0:
def last_even_adder(li):","def avgValuesInRange(numList, start, end):
    if (end - start + 1) >= 1:
        sum = 0
        for index in range(start,end+1):
            value = numList[index]
            sum = sum + value
        return sum / (end - start + 1)
    return 0

",Weinmann2021figure1
"#Fix the below scrambled Python code by reordering the lines and indenting if needed
#Lines
return sum / (end - start + 1)
return 0
value = numList[index]
for index in range(start,end+1):
sum = sum + value
if (end - start + 1) >= 1:
sum = 0
def avgValuesInRange(numList, start, end):
#End lines

#Solved Python code
","if(li(index)) % 2 == 0:
return 'All odd'
return lambda x : x + li(index)
def last_even_adder(li):
for index in range (len(li)-1,-1,-1):","def avgValuesInRange(numList, start, end):
    if (end - start + 1) >= 1:
        sum = 0
        for index in range(start,end+1):
            value = numList[index]
            sum = sum + value
        return sum / (end - start + 1)
    return 0

",Weinmann2021figure1
"#Fix the below scrambled Python code by reordering the lines and indenting if needed
#Lines
return sum / (end - start + 1)
return 0
value = numList[index]
for index in range(start,end+1):
sum = sum + value
if (end - start + 1) >= 1:
sum = 0
def avgValuesInRange(numList, start, end):
#End lines

#Solved Python code
","if(li(index)) % 2 == 0:
for index in range (len(li)-1,-1,-1):
return lambda x : x + li(index)
return 'All odd'
def last_even_adder(li):","def avgValuesInRange(numList, start, end):
    if (end - start + 1) >= 1:
        sum = 0
        for index in range(start,end+1):
            value = numList[index]
            sum = sum + value
        return sum / (end - start + 1)
    return 0

",Weinmann2021figure1
"#Fix the below scrambled Python code by reordering the lines and indenting if needed
#Lines
return sum / (end - start + 1)
return 0
value = numList[index]
for index in range(start,end+1):
sum = sum + value
if (end - start + 1) >= 1:
sum = 0
def avgValuesInRange(numList, start, end):
#End lines

#Solved Python code
","return lambda x : x + li(index)
return 'All odd'
if(li(index)) % 2 == 0:
def last_even_adder(li):
for index in range (len(li)-1,-1,-1):","def avgValuesInRange(numList, start, end):
    if (end - start + 1) >= 1:
        sum = 0
        for index in range(start,end+1):
            value = numList[index]
            sum = sum + value
        return sum / (end - start + 1)
    return 0

",Weinmann2021figure1
"#Fix the below scrambled Python code by reordering the lines and indenting if needed
#Lines
return sum / (end - start + 1)
return 0
value = numList[index]
for index in range(start,end+1):
sum = sum + value
if (end - start + 1) >= 1:
sum = 0
def avgValuesInRange(numList, start, end):
#End lines

#Solved Python code
","return 'All odd'
if(li(index)) % 2 == 0:
return lambda x : x + li(index)
for index in range (len(li)-1,-1,-1):
def last_even_adder(li):","def avgValuesInRange(numList, start, end):
    if (end - start + 1) >= 1:
        sum = 0
        for index in range(start,end+1):
            value = numList[index]
            sum = sum + value
        return sum / (end - start + 1)
    return 0

",Weinmann2021figure1
"#Fix the below scrambled Python code by reordering the lines and indenting if needed
#Lines
return sum / (end - start + 1)
return 0
value = numList[index]
for index in range(start,end+1):
sum = sum + value
if (end - start + 1) >= 1:
sum = 0
def avgValuesInRange(numList, start, end):
#End lines

#Solved Python code
","return lambda x : x + li(index)
return 'All odd'
if(li(index)) % 2 == 0:
for index in range (len(li)-1,-1,-1):
def last_even_adder(li):","def avgValuesInRange(numList, start, end):
    if (end - start + 1) >= 1:
        sum = 0
        for index in range(start,end+1):
            value = numList[index]
            sum = sum + value
        return sum / (end - start + 1)
    return 0

",Weinmann2021figure1
"#Fix the below scrambled Python code by reordering the lines and indenting if needed
#Lines
return sum / (end - start + 1)
return 0
value = numList[index]
for index in range(start,end+1):
sum = sum + value
if (end - start + 1) >= 1:
sum = 0
def avgValuesInRange(numList, start, end):
#End lines

#Solved Python code
","def last_even_adder(li):
if(li(index)) % 2 == 0:
return lambda x : x + li(index)
return 'All odd'
for index in range (len(li)-1,-1,-1):","def avgValuesInRange(numList, start, end):
    if (end - start + 1) >= 1:
        sum = 0
        for index in range(start,end+1):
            value = numList[index]
            sum = sum + value
        return sum / (end - start + 1)
    return 0

",Weinmann2021figure1
"#Fix the below scrambled Python code by reordering the lines and indenting if needed
#Lines
return sum / (end - start + 1)
return 0
value = numList[index]
for index in range(start,end+1):
sum = sum + value
if (end - start + 1) >= 1:
sum = 0
def avgValuesInRange(numList, start, end):
#End lines

#Solved Python code
","def last_even_adder(li):
return 'All odd'
return lambda x : x + li(index)
if(li(index)) % 2 == 0:
for index in range (len(li)-1,-1,-1):","def avgValuesInRange(numList, start, end):
    if (end - start + 1) >= 1:
        sum = 0
        for index in range(start,end+1):
            value = numList[index]
            sum = sum + value
        return sum / (end - start + 1)
    return 0

",Weinmann2021figure1
"#Fix the below scrambled Python code by reordering the lines and indenting if needed
#Lines
return sum / (end - start + 1)
return 0
value = numList[index]
for index in range(start,end+1):
sum = sum + value
if (end - start + 1) >= 1:
sum = 0
def avgValuesInRange(numList, start, end):
#End lines

#Solved Python code
","def last_even_adder(li):
return lambda x : x + li(index)
for index in range (len(li)-1,-1,-1):
return 'All odd'
if(li(index)) % 2 == 0:","def avgValuesInRange(numList, start, end):
    if (end - start + 1) >= 1:
        sum = 0
        for index in range(start,end+1):
            value = numList[index]
            sum = sum + value
        return sum / (end - start + 1)
    return 0

",Weinmann2021figure1
"#Fix the below scrambled Python code by reordering the lines and indenting if needed
#Lines
return sum / (end - start + 1)
return 0
value = numList[index]
for index in range(start,end+1):
sum = sum + value
if (end - start + 1) >= 1:
sum = 0
def avgValuesInRange(numList, start, end):
#End lines

#Solved Python code
","return lambda x : x + li(index)
def last_even_adder(li):
return 'All odd'
if(li(index)) % 2 == 0:
for index in range (len(li)-1,-1,-1):","def avgValuesInRange(numList, start, end):
    if (end - start + 1) >= 1:
        sum = 0
        for index in range(start,end+1):
            value = numList[index]
            sum = sum + value
        return sum / (end - start + 1)
    return 0

",Weinmann2021figure1
"#Fix the below scrambled Python code by reordering the lines and indenting if needed
#Lines
return sum / (end - start + 1)
return 0
value = numList[index]
for index in range(start,end+1):
sum = sum + value
if (end - start + 1) >= 1:
sum = 0
def avgValuesInRange(numList, start, end):
#End lines

#Solved Python code
","def last_even_adder(li):
for index in range (len(li)-1,-1,-1):
return lambda x : x + li(index)
if(li(index)) % 2 == 0:
return 'All odd'","def avgValuesInRange(numList, start, end):
    if (end - start + 1) >= 1:
        sum = 0
        for index in range(start,end+1):
            value = numList[index]
            sum = sum + value
        return sum / (end - start + 1)
    return 0

",Weinmann2021figure1
"#Fix the below scrambled Python code by reordering the lines and indenting if needed
#Lines
return sum / (end - start + 1)
return 0
value = numList[index]
for index in range(start,end+1):
sum = sum + value
if (end - start + 1) >= 1:
sum = 0
def avgValuesInRange(numList, start, end):
#End lines

#Solved Python code
","return lambda x : x + li(index)
return 'All odd'
for index in range (len(li)-1,-1,-1):
def last_even_adder(li):
if(li(index)) % 2 == 0:","def avgValuesInRange(numList, start, end):
    if (end - start + 1) >= 1:
        sum = 0
        for index in range(start,end+1):
            value = numList[index]
            sum = sum + value
        return sum / (end - start + 1)
    return 0

",Weinmann2021figure1
"#Fix the below scrambled Python code by reordering the lines and indenting if needed
#Lines
return sum / (end - start + 1)
return 0
value = numList[index]
for index in range(start,end+1):
sum = sum + value
if (end - start + 1) >= 1:
sum = 0
def avgValuesInRange(numList, start, end):
#End lines

#Solved Python code
","for index in range (len(li)-1,-1,-1):
def last_even_adder(li):
if(li(index)) % 2 == 0:
return 'All odd'
return lambda x : x + li(index)","def avgValuesInRange(numList, start, end):
    if (end - start + 1) >= 1:
        sum = 0
        for index in range(start,end+1):
            value = numList[index]
            sum = sum + value
        return sum / (end - start + 1)
    return 0

",Weinmann2021figure1
"#Fix the below scrambled Python code by reordering the lines and indenting if needed
#Lines
return sum / (end - start + 1)
return 0
value = numList[index]
for index in range(start,end+1):
sum = sum + value
if (end - start + 1) >= 1:
sum = 0
def avgValuesInRange(numList, start, end):
#End lines

#Solved Python code
","return 'All odd'
def last_even_adder(li):
return lambda x : x + li(index)
if(li(index)) % 2 == 0:
for index in range (len(li)-1,-1,-1):","def avgValuesInRange(numList, start, end):
    if (end - start + 1) >= 1:
        sum = 0
        for index in range(start,end+1):
            value = numList[index]
            sum = sum + value
        return sum / (end - start + 1)
    return 0

",Weinmann2021figure1
"#Fix the below scrambled Python code by reordering the lines and indenting if needed
#Lines
return sum / (end - start + 1)
return 0
value = numList[index]
for index in range(start,end+1):
sum = sum + value
if (end - start + 1) >= 1:
sum = 0
def avgValuesInRange(numList, start, end):
#End lines

#Solved Python code
","return 'All odd'
for index in range (len(li)-1,-1,-1):
return lambda x : x + li(index)
def last_even_adder(li):
if(li(index)) % 2 == 0:","def avgValuesInRange(numList, start, end):
    if (end - start + 1) >= 1:
        sum = 0
        for index in range(start,end+1):
            value = numList[index]
            sum = sum + value
        return sum / (end - start + 1)
    return 0

",Weinmann2021figure1
"#Fix the below scrambled Python code by reordering the lines and indenting if needed
#Lines
return sum / (end - start + 1)
return 0
value = numList[index]
for index in range(start,end+1):
sum = sum + value
if (end - start + 1) >= 1:
sum = 0
def avgValuesInRange(numList, start, end):
#End lines

#Solved Python code
","if(li(index)) % 2 == 0:
return lambda x : x + li(index)
def last_even_adder(li):
return 'All odd'
for index in range (len(li)-1,-1,-1):","def avgValuesInRange(numList, start, end):
    if (end - start + 1) >= 1:
        sum = 0
        for index in range(start,end+1):
            value = numList[index]
            sum = sum + value
        return sum / (end - start + 1)
    return 0

",Weinmann2021figure1
"#Fix the below scrambled Python code by reordering the lines and indenting if needed
#Lines
return sum / (end - start + 1)
return 0
value = numList[index]
for index in range(start,end+1):
sum = sum + value
if (end - start + 1) >= 1:
sum = 0
def avgValuesInRange(numList, start, end):
#End lines

#Solved Python code
","return 'All odd'
if(li(index)) % 2 == 0:
for index in range (len(li)-1,-1,-1):
def last_even_adder(li):
return lambda x : x + li(index)","def avgValuesInRange(numList, start, end):
    if (end - start + 1) >= 1:
        sum = 0
        for index in range(start,end+1):
            value = numList[index]
            sum = sum + value
        return sum / (end - start + 1)
    return 0

",Weinmann2021figure1
"#Fix the below scrambled Python code by reordering the lines and indenting if needed
#Lines
return sum / (end - start + 1)
return 0
value = numList[index]
for index in range(start,end+1):
sum = sum + value
if (end - start + 1) >= 1:
sum = 0
def avgValuesInRange(numList, start, end):
#End lines

#Solved Python code
","return 'All odd'
def last_even_adder(li):
for index in range (len(li)-1,-1,-1):
return lambda x : x + li(index)
if(li(index)) % 2 == 0:","def avgValuesInRange(numList, start, end):
    if (end - start + 1) >= 1:
        sum = 0
        for index in range(start,end+1):
            value = numList[index]
            sum = sum + value
        return sum / (end - start + 1)
    return 0

",Weinmann2021figure1
"#Fix the below scrambled Python code by reordering the lines and indenting if needed
#Lines
return sum / (end - start + 1)
return 0
value = numList[index]
for index in range(start,end+1):
sum = sum + value
if (end - start + 1) >= 1:
sum = 0
def avgValuesInRange(numList, start, end):
#End lines

#Solved Python code
","for index in range (len(li)-1,-1,-1):
def last_even_adder(li):
return 'All odd'
return lambda x : x + li(index)
if(li(index)) % 2 == 0:","def avgValuesInRange(numList, start, end):
    if (end - start + 1) >= 1:
        sum = 0
        for index in range(start,end+1):
            value = numList[index]
            sum = sum + value
        return sum / (end - start + 1)
    return 0

",Weinmann2021figure1
"#Fix the below scrambled Python code by reordering the lines and indenting if needed
#Lines
return sum / (end - start + 1)
return 0
value = numList[index]
for index in range(start,end+1):
sum = sum + value
if (end - start + 1) >= 1:
sum = 0
def avgValuesInRange(numList, start, end):
#End lines

#Solved Python code
","def avgValuesInRange(numList, start, end):
sum = 0
if (end - start + 1) >= 1:
value = numList[index]
sum = sum + value
return sum / (end - start + 1)
for index in range(start,end-1):
return 0","def avgValuesInRange(numList, start, end):
    if (end - start + 1) >= 1:
        sum = 0
        for index in range(start,end+1):
            value = numList[index]
            sum = sum + value
        return sum / (end - start + 1)
    return 0

",Ericson2017figure4
"#Fix the below scrambled Python code by reordering the lines and indenting if needed
#Lines
return sum / (end - start + 1)
return 0
value = numList[index]
for index in range(start,end+1):
sum = sum + value
if (end - start + 1) >= 1:
sum = 0
def avgValuesInRange(numList, start, end):
#End lines

#Solved Python code
","sum = sum + value
if (end - start + 1) >= 1:
sum = 0
for index in range(start,end-1):
def avgValuesInRange(numList, start, end):
value = numList[index]
return sum / (end - start + 1)
return 0","def avgValuesInRange(numList, start, end):
    if (end - start + 1) >= 1:
        sum = 0
        for index in range(start,end+1):
            value = numList[index]
            sum = sum + value
        return sum / (end - start + 1)
    return 0

",Ericson2017figure4
"#Fix the below scrambled Python code by reordering the lines and indenting if needed
#Lines
return sum / (end - start + 1)
return 0
value = numList[index]
for index in range(start,end+1):
sum = sum + value
if (end - start + 1) >= 1:
sum = 0
def avgValuesInRange(numList, start, end):
#End lines

#Solved Python code
","sum = sum + value
value = numList[index]
for index in range(start,end-1):
return sum / (end - start + 1)
return 0
def avgValuesInRange(numList, start, end):
if (end - start + 1) >= 1:
sum = 0","def avgValuesInRange(numList, start, end):
    if (end - start + 1) >= 1:
        sum = 0
        for index in range(start,end+1):
            value = numList[index]
            sum = sum + value
        return sum / (end - start + 1)
    return 0

",Ericson2017figure4
"#Fix the below scrambled Python code by reordering the lines and indenting if needed
#Lines
return sum / (end - start + 1)
return 0
value = numList[index]
for index in range(start,end+1):
sum = sum + value
if (end - start + 1) >= 1:
sum = 0
def avgValuesInRange(numList, start, end):
#End lines

#Solved Python code
","sum = sum + value
sum = 0
for index in range(start,end-1):
value = numList[index]
if (end - start + 1) >= 1:
return sum / (end - start + 1)
def avgValuesInRange(numList, start, end):
return 0","def avgValuesInRange(numList, start, end):
    if (end - start + 1) >= 1:
        sum = 0
        for index in range(start,end+1):
            value = numList[index]
            sum = sum + value
        return sum / (end - start + 1)
    return 0

",Ericson2017figure4
"#Fix the below scrambled Python code by reordering the lines and indenting if needed
#Lines
return sum / (end - start + 1)
return 0
value = numList[index]
for index in range(start,end+1):
sum = sum + value
if (end - start + 1) >= 1:
sum = 0
def avgValuesInRange(numList, start, end):
#End lines

#Solved Python code
","sum = 0
sum = sum + value
for index in range(start,end-1):
def avgValuesInRange(numList, start, end):
return sum / (end - start + 1)
value = numList[index]
if (end - start + 1) >= 1:
return 0","def avgValuesInRange(numList, start, end):
    if (end - start + 1) >= 1:
        sum = 0
        for index in range(start,end+1):
            value = numList[index]
            sum = sum + value
        return sum / (end - start + 1)
    return 0

",Ericson2017figure4
"#Fix the below scrambled Python code by reordering the lines and indenting if needed
#Lines
return sum / (end - start + 1)
return 0
value = numList[index]
for index in range(start,end+1):
sum = sum + value
if (end - start + 1) >= 1:
sum = 0
def avgValuesInRange(numList, start, end):
#End lines

#Solved Python code
","sum = sum + value
for index in range(start,end-1):
value = numList[index]
def avgValuesInRange(numList, start, end):
if (end - start + 1) >= 1:
sum = 0
return sum / (end - start + 1)
return 0","def avgValuesInRange(numList, start, end):
    if (end - start + 1) >= 1:
        sum = 0
        for index in range(start,end+1):
            value = numList[index]
            sum = sum + value
        return sum / (end - start + 1)
    return 0

",Ericson2017figure4
"#Fix the below scrambled Python code by reordering the lines and indenting if needed
#Lines
return sum / (end - start + 1)
return 0
value = numList[index]
for index in range(start,end+1):
sum = sum + value
if (end - start + 1) >= 1:
sum = 0
def avgValuesInRange(numList, start, end):
#End lines

#Solved Python code
","return 0
if (end - start + 1) >= 1:
def avgValuesInRange(numList, start, end):
sum = 0
value = numList[index]
for index in range(start,end-1):
sum = sum + value
return sum / (end - start + 1)","def avgValuesInRange(numList, start, end):
    if (end - start + 1) >= 1:
        sum = 0
        for index in range(start,end+1):
            value = numList[index]
            sum = sum + value
        return sum / (end - start + 1)
    return 0

",Ericson2017figure4
"#Fix the below scrambled Python code by reordering the lines and indenting if needed
#Lines
return sum / (end - start + 1)
return 0
value = numList[index]
for index in range(start,end+1):
sum = sum + value
if (end - start + 1) >= 1:
sum = 0
def avgValuesInRange(numList, start, end):
#End lines

#Solved Python code
","for index in range(start,end-1):
if (end - start + 1) >= 1:
sum = sum + value
def avgValuesInRange(numList, start, end):
sum = 0
value = numList[index]
return sum / (end - start + 1)
return 0","def avgValuesInRange(numList, start, end):
    if (end - start + 1) >= 1:
        sum = 0
        for index in range(start,end+1):
            value = numList[index]
            sum = sum + value
        return sum / (end - start + 1)
    return 0

",Ericson2017figure4
"#Fix the below scrambled Python code by reordering the lines and indenting if needed
#Lines
return sum / (end - start + 1)
return 0
value = numList[index]
for index in range(start,end+1):
sum = sum + value
if (end - start + 1) >= 1:
sum = 0
def avgValuesInRange(numList, start, end):
#End lines

#Solved Python code
","for index in range(start,end-1):
value = numList[index]
if (end - start + 1) >= 1:
sum = sum + value
def avgValuesInRange(numList, start, end):
return sum / (end - start + 1)
return 0
sum = 0","def avgValuesInRange(numList, start, end):
    if (end - start + 1) >= 1:
        sum = 0
        for index in range(start,end+1):
            value = numList[index]
            sum = sum + value
        return sum / (end - start + 1)
    return 0

",Ericson2017figure4
"#Fix the below scrambled Python code by reordering the lines and indenting if needed
#Lines
return sum / (end - start + 1)
return 0
value = numList[index]
for index in range(start,end+1):
sum = sum + value
if (end - start + 1) >= 1:
sum = 0
def avgValuesInRange(numList, start, end):
#End lines

#Solved Python code
","return 0
sum = 0
value = numList[index]
if (end - start + 1) >= 1:
for index in range(start,end-1):
sum = sum + value
return sum / (end - start + 1)
def avgValuesInRange(numList, start, end):","def avgValuesInRange(numList, start, end):
    if (end - start + 1) >= 1:
        sum = 0
        for index in range(start,end+1):
            value = numList[index]
            sum = sum + value
        return sum / (end - start + 1)
    return 0

",Ericson2017figure4
"#Fix the below scrambled Python code by reordering the lines and indenting if needed
#Lines
return sum / (end - start + 1)
return 0
value = numList[index]
for index in range(start,end+1):
sum = sum + value
if (end - start + 1) >= 1:
sum = 0
def avgValuesInRange(numList, start, end):
#End lines

#Solved Python code
","for index in range(start,end-1):
sum = sum + value
value = numList[index]
def avgValuesInRange(numList, start, end):
sum = 0
if (end - start + 1) >= 1:
return 0
return sum / (end - start + 1)","def avgValuesInRange(numList, start, end):
    if (end - start + 1) >= 1:
        sum = 0
        for index in range(start,end+1):
            value = numList[index]
            sum = sum + value
        return sum / (end - start + 1)
    return 0

",Ericson2017figure4
"#Fix the below scrambled Python code by reordering the lines and indenting if needed
#Lines
return sum / (end - start + 1)
return 0
value = numList[index]
for index in range(start,end+1):
sum = sum + value
if (end - start + 1) >= 1:
sum = 0
def avgValuesInRange(numList, start, end):
#End lines

#Solved Python code
","sum = sum + value
return 0
sum = 0
value = numList[index]
def avgValuesInRange(numList, start, end):
return sum / (end - start + 1)
for index in range(start,end-1):
if (end - start + 1) >= 1:","def avgValuesInRange(numList, start, end):
    if (end - start + 1) >= 1:
        sum = 0
        for index in range(start,end+1):
            value = numList[index]
            sum = sum + value
        return sum / (end - start + 1)
    return 0

",Ericson2017figure4
"#Fix the below scrambled Python code by reordering the lines and indenting if needed
#Lines
return sum / (end - start + 1)
return 0
value = numList[index]
for index in range(start,end+1):
sum = sum + value
if (end - start + 1) >= 1:
sum = 0
def avgValuesInRange(numList, start, end):
#End lines

#Solved Python code
","if (end - start + 1) >= 1:
for index in range(start,end-1):
value = numList[index]
def avgValuesInRange(numList, start, end):
sum = 0
sum = sum + value
return sum / (end - start + 1)
return 0","def avgValuesInRange(numList, start, end):
    if (end - start + 1) >= 1:
        sum = 0
        for index in range(start,end+1):
            value = numList[index]
            sum = sum + value
        return sum / (end - start + 1)
    return 0

",Ericson2017figure4
"#Fix the below scrambled Python code by reordering the lines and indenting if needed
#Lines
return sum / (end - start + 1)
return 0
value = numList[index]
for index in range(start,end+1):
sum = sum + value
if (end - start + 1) >= 1:
sum = 0
def avgValuesInRange(numList, start, end):
#End lines

#Solved Python code
","sum = 0
def avgValuesInRange(numList, start, end):
return 0
sum = sum + value
for index in range(start,end-1):
return sum / (end - start + 1)
if (end - start + 1) >= 1:
value = numList[index]","def avgValuesInRange(numList, start, end):
    if (end - start + 1) >= 1:
        sum = 0
        for index in range(start,end+1):
            value = numList[index]
            sum = sum + value
        return sum / (end - start + 1)
    return 0

",Ericson2017figure4
"#Fix the below scrambled Python code by reordering the lines and indenting if needed
#Lines
return sum / (end - start + 1)
return 0
value = numList[index]
for index in range(start,end+1):
sum = sum + value
if (end - start + 1) >= 1:
sum = 0
def avgValuesInRange(numList, start, end):
#End lines

#Solved Python code
","if (end - start + 1) >= 1:
return sum / (end - start + 1)
value = numList[index]
return 0
def avgValuesInRange(numList, start, end):
sum = sum + value
sum = 0
for index in range(start,end-1):","def avgValuesInRange(numList, start, end):
    if (end - start + 1) >= 1:
        sum = 0
        for index in range(start,end+1):
            value = numList[index]
            sum = sum + value
        return sum / (end - start + 1)
    return 0

",Ericson2017figure4
"#Fix the below scrambled Python code by reordering the lines and indenting if needed
#Lines
return sum / (end - start + 1)
return 0
value = numList[index]
for index in range(start,end+1):
sum = sum + value
if (end - start + 1) >= 1:
sum = 0
def avgValuesInRange(numList, start, end):
#End lines

#Solved Python code
","for index in range(start,end-1):
sum = 0
return 0
value = numList[index]
return sum / (end - start + 1)
def avgValuesInRange(numList, start, end):
sum = sum + value
if (end - start + 1) >= 1:","def avgValuesInRange(numList, start, end):
    if (end - start + 1) >= 1:
        sum = 0
        for index in range(start,end+1):
            value = numList[index]
            sum = sum + value
        return sum / (end - start + 1)
    return 0

",Ericson2017figure4
"#Fix the below scrambled Python code by reordering the lines and indenting if needed
#Lines
return sum / (end - start + 1)
return 0
value = numList[index]
for index in range(start,end+1):
sum = sum + value
if (end - start + 1) >= 1:
sum = 0
def avgValuesInRange(numList, start, end):
#End lines

#Solved Python code
","sum = 0
for index in range(start,end-1):
return sum / (end - start + 1)
value = numList[index]
if (end - start + 1) >= 1:
return 0
sum = sum + value
def avgValuesInRange(numList, start, end):","def avgValuesInRange(numList, start, end):
    if (end - start + 1) >= 1:
        sum = 0
        for index in range(start,end+1):
            value = numList[index]
            sum = sum + value
        return sum / (end - start + 1)
    return 0

",Ericson2017figure4
"#Fix the below scrambled Python code by reordering the lines and indenting if needed
#Lines
return sum / (end - start + 1)
return 0
value = numList[index]
for index in range(start,end+1):
sum = sum + value
if (end - start + 1) >= 1:
sum = 0
def avgValuesInRange(numList, start, end):
#End lines

#Solved Python code
","sum = 0
value = numList[index]
return 0
def avgValuesInRange(numList, start, end):
sum = sum + value
if (end - start + 1) >= 1:
return sum / (end - start + 1)
for index in range(start,end-1):","def avgValuesInRange(numList, start, end):
    if (end - start + 1) >= 1:
        sum = 0
        for index in range(start,end+1):
            value = numList[index]
            sum = sum + value
        return sum / (end - start + 1)
    return 0

",Ericson2017figure4
"#Fix the below scrambled Python code by reordering the lines and indenting if needed
#Lines
return sum / (end - start + 1)
return 0
value = numList[index]
for index in range(start,end+1):
sum = sum + value
if (end - start + 1) >= 1:
sum = 0
def avgValuesInRange(numList, start, end):
#End lines

#Solved Python code
","return 0
for index in range(start,end-1):
sum = 0
def avgValuesInRange(numList, start, end):
value = numList[index]
if (end - start + 1) >= 1:
return sum / (end - start + 1)
sum = sum + value","def avgValuesInRange(numList, start, end):
    if (end - start + 1) >= 1:
        sum = 0
        for index in range(start,end+1):
            value = numList[index]
            sum = sum + value
        return sum / (end - start + 1)
    return 0

",Ericson2017figure4
"#Fix the below scrambled Python code by reordering the lines and indenting if needed
#Lines
return sum / (end - start + 1)
return 0
value = numList[index]
for index in range(start,end+1):
sum = sum + value
if (end - start + 1) >= 1:
sum = 0
def avgValuesInRange(numList, start, end):
#End lines

#Solved Python code
","return sum / (end - start + 1)
return 0
value = numList[index]
for index in range(start,end-1):
sum = sum + value
if (end - start + 1) >= 1:
sum = 0
def avgValuesInRange(numList, start, end):","def avgValuesInRange(numList, start, end):
    if (end - start + 1) >= 1:
        sum = 0
        for index in range(start,end+1):
            value = numList[index]
            sum = sum + value
        return sum / (end - start + 1)
    return 0

",Ericson2017figure4
